{"boundaryID": "GRC-ADM0-45001669", "boundaryISO": "GRC", "boundaryYear": "2016", "boundaryType": "ADM0", "boundarySource": "EuroGeoGraphics, Regional IM Working Group - Europe", "boundaryCanonical": "", "boundaryLicense": "Creative Commons Attribution 4.0 International (CC BY 4.0)", "licenseDetail": "Noted in metadata tab", "licenseSource": "https//data.humdata.org/dataset/gree", "boundarySourceURL": "https//data.humdata.org/dataset/gree", "sourceDataUpdateDate": "Thu Jan 19 07:31:04 2023", "buildDate": "Dec 12, 2023", "admUnitCount": "1", "meanVertices": "27567.0", "minVertices": "27567", "maxVertices": "27567", "meanPerimeterLengthKM": "13991.683524529502", "maxPerimeterLengthKM": "13991.683524529502", "minPerimeterLengthKM": "13991.683524529502", "meanAreaSqKM": "131804.30511635955", "minAreaSqKM": "131804.30511635955", "maxAreaSqKM": "131804.30511635955"}